Year,Sex,Age_Group,Population
2022,Female,25-29,10840435
2022,Female,30-34,11471320
2022,Female,35-39,10965672
2022,Female,40-44,10609522
2022,Female,45-49,9779128
2022,Female,50-54,10372914
2022,Female,55-59,10593075
2022,Female,60-64,10820433
2022,Female,65-69,9757526
2022,Female,70-74,8120257
2022,Female,75-79,5951313
2022,Female,80-84,3834373
2022,Female,85+,4202032
2022,Male,25-29,11352729
2022,Male,30-34,11836816
2022,Male,35-39,11302277
2022,Male,40-44,10817894
2022,Male,45-49,9844970
2022,Male,50-54,10434633
2022,Male,55-59,10373939
2022,Male,60-64,10297990
2022,Male,65-69,8873896
2022,Male,70-74,7036760
2022,Male,75-79,4909687
2022,Male,80-84,2825172
2022,Male,85+,2283836
2023,Female,25-29,10822808
2023,Female,30-34,11527695
2023,Female,35-39,11027019
2023,Female,40-44,10781574
2023,Female,45-49,9844469
2023,Female,50-54,10290959
2023,Female,55-59,10363142
2023,Female,60-64,10831719
2023,Female,65-69,9957228
2023,Female,70-74,8291422
2023,Female,75-79,6242767
2023,Female,80-84,4065546
2023,Female,85+,4288400
2023,Male,25-29,11334040
2023,Male,30-34,11912754
2023,Male,35-39,11356290
2023,Male,40-44,10998780
2023,Male,45-49,9914101
2023,Male,50-54,10326524
2023,Male,55-59,10175438
2023,Male,60-64,10314023
2023,Male,65-69,9085508
2023,Male,70-74,7180649
2023,Male,75-79,5167992
2023,Male,80-84,3025676
2023,Male,85+,2388789
2024,Female,25-29,10888047
2024,Female,30-34,11515792
2024,Female,35-39,11167348
2024,Female,40-44,10878838
2024,Female,45-49,9985861
2024,Female,50-54,10143643
2024,Female,55-59,10185890
2024,Female,60-64,10829355
2024,Female,65-69,10102062
2024,Female,70-74,8503089
2024,Female,75-79,6576701
2024,Female,80-84,4242060
2024,Female,85+,4369681
2024,Male,25-29,11391251
2024,Male,30-34,11919402
2024,Male,35-39,11493011
2024,Male,40-44,11102439
2024,Male,45-49,10059006
2024,Male,50-54,10154237
2024,Male,55-59,10026123
2024,Male,60-64,10320769
2024,Male,65-69,9245492
2024,Male,70-74,7372666
2024,Male,75-79,5446574
2024,Male,80-84,3174504
2024,Male,85+,2489143
2025,Female,25-29,11086745
2025,Female,30-34,11400576
2025,Female,35-39,11339100
2025,Female,40-44,10940749
2025,Female,45-49,10176982
2025,Female,50-54,9960184
2025,Female,55-59,10140586
2025,Female,60-64,10748376
2025,Female,65-69,10223755
2025,Female,70-74,8738410
2025,Female,75-79,6916132
2025,Female,80-84,4393999
2025,Female,85+,4459186
2025,Male,25-29,11577541
2025,Male,30-34,11823945
2025,Male,35-39,11652838
2025,Male,40-44,11166761
2025,Male,45-49,10263984
2025,Male,50-54,9944341
2025,Male,55-59,10010369
2025,Male,60-64,10244138
2025,Male,65-69,9386492
2025,Male,70-74,7593180
2025,Male,75-79,5723155
2025,Male,80-84,3304437
2025,Male,85+,2587857
2026,Female,25-29,11357915
2026,Female,30-34,11265472
2026,Female,35-39,11509491
2026,Female,40-44,10998325
2026,Female,45-49,10401158
2026,Female,50-54,9727885
2026,Female,55-59,10216395
2026,Female,60-64,10551328
2026,Female,65-69,10346253
2026,Female,70-74,8945016
2026,Female,75-79,7278416
2026,Female,80-84,4526085
2026,Female,85+,4567935
2026,Male,25-29,11814498
2026,Male,30-34,11707719
2026,Male,35-39,11811302
2026,Male,40-44,11231288
2026,Male,45-49,10502891
2026,Male,50-54,9687268
2026,Male,55-59,10097443
2026,Male,60-64,10072867
2026,Male,65-69,9523301
2026,Male,70-74,7793565
2026,Male,75-79,6011239
2026,Male,80-84,3417801
2026,Male,85+,2697021
2027,Female,25-29,11490431
2027,Female,30-34,11170987
2027,Female,35-39,11650474
2027,Female,40-44,11030036
2027,Female,45-49,10589787
2027,Female,50-54,9682258
2027,Female,55-59,10211131
2027,Female,60-64,10330631
2027,Female,65-69,10394321
2027,Female,70-74,9163197
2027,Female,75-79,7313596
2027,Female,80-84,4970687
2027,Female,85+,4713092
2027,Male,25-29,11907239
2027,Male,30-34,11622190
2027,Male,35-39,11953776
2027,Male,40-44,11266356
2027,Male,45-49,10708488
2027,Male,50-54,9628110
2027,Male,55-59,10088489
2027,Male,60-64,9877723
2027,Male,65-69,9583060
2027,Male,70-74,8008214
2027,Male,75-79,6018274
2027,Male,80-84,3804668
2027,Male,85+,2829737
2028,Female,25-29,11514398
2028,Female,30-34,11158528
2028,Female,35-39,11711636
2028,Female,40-44,11095727
2028,Female,45-49,10762815
2028,Female,50-54,9749313
2028,Female,55-59,10133512
2028,Female,60-64,10112248
2028,Female,65-69,10409078
2028,Female,70-74,9353738
2028,Female,75-79,7473437
2028,Female,80-84,5224300
2028,Female,85+,4935549
2028,Male,25-29,11914677
2028,Male,30-34,11610525
2028,Male,35-39,12036799
2028,Male,40-44,11327090
2028,Male,45-49,10890220
2028,Male,50-54,9699861
2028,Male,55-59,9988193
2028,Male,60-64,9696973
2028,Male,65-69,9604732
2028,Male,70-74,8204685
2028,Male,75-79,6148187
2028,Male,80-84,4014691
2028,Male,85+,3014413
2029,Female,25-29,11504955
2029,Female,30-34,11227857
2029,Female,35-39,11705237
2029,Female,40-44,11239131
2029,Female,45-49,10862499
2029,Female,50-54,9891231
2029,Female,55-59,9992293
2029,Female,60-64,9946178
2029,Female,65-69,10410423
2029,Female,70-74,9492544
2029,Female,75-79,7669980
2029,Female,80-84,5506735
2029,Female,85+,5110938
2029,Male,25-29,11896253
2029,Male,30-34,11672945
2029,Male,35-39,12051699
2029,Male,40-44,11468791
2029,Male,45-49,10997208
2029,Male,50-54,9844980
2029,Male,55-59,9826740
2029,Male,60-64,9563283
2029,Male,65-69,9617981
2029,Male,70-74,8354850
2029,Male,75-79,6318954
2029,Male,80-84,4233324
2029,Male,85+,3158259
2030,Female,25-29,11385940
2030,Female,30-34,11428357
2030,Female,35-39,11596075
2030,Female,40-44,11413928
2030,Female,45-49,10927910
2030,Female,50-54,10082050
2030,Female,55-59,9816468
2030,Female,60-64,9907108
2030,Female,65-69,10336504
2030,Female,70-74,9610642
2030,Female,75-79,7887251
2030,Female,80-84,5788661
2030,Female,85+,5272176
2030,Male,25-29,11772797
2030,Male,30-34,11862492
2030,Male,35-39,11965244
2030,Male,40-44,11632335
2030,Male,45-49,11067128
2030,Male,50-54,10048525
2030,Male,55-59,9630138
2030,Male,60-64,9556219
2030,Male,65-69,9553685
2030,Male,70-74,8487959
2030,Male,75-79,6513924
2030,Male,80-84,4445233
2030,Male,85+,3287463
2031,Female,25-29,11242903
2031,Female,30-34,11700706
2031,Female,35-39,11466772
2031,Female,40-44,11586480
2031,Female,45-49,10988900
2031,Female,50-54,10305085
2031,Female,55-59,9593214
2031,Female,60-64,9984098
2031,Female,65-69,10151625
2031,Female,70-74,9729055
2031,Female,75-79,8078511
2031,Female,80-84,6085821
2031,Female,85+,5431309
2031,Male,25-29,11645932
2031,Male,30-34,12100606
2031,Male,35-39,11856512
2031,Male,40-44,11794367
2031,Male,45-49,11136325
2031,Male,50-54,10285458
2031,Male,55-59,9387901
2031,Male,60-64,9646045
2031,Male,65-69,9400656
2031,Male,70-74,8617415
2031,Male,75-79,6691655
2031,Male,80-84,4662889
2031,Male,85+,3412393
2032,Female,25-29,11265214
2032,Female,30-34,11834830
2032,Female,35-39,11376927
2032,Female,40-44,11729371
2032,Female,45-49,11024257
2032,Female,50-54,10493087
2032,Female,55-59,9551679
2032,Female,60-64,9981141
2032,Female,65-69,9943565
2032,Female,70-74,9778585
2032,Female,75-79,8280319
2032,Female,80-84,6127969
2032,Female,85+,5857597
2032,Male,25-29,11697089
2032,Male,30-34,12195763
2032,Male,35-39,11776680
2032,Male,40-44,11939488
2032,Male,45-49,11176649
2032,Male,50-54,10489554
2032,Male,55-59,9336086
2032,Male,60-64,9642622
2032,Male,65-69,9225196
2032,Male,70-74,8678258
2032,Male,75-79,6882145
2032,Male,80-84,4682582
2032,Male,85+,3745893
2033,Female,25-29,11369738
2033,Female,30-34,11861631
2033,Female,35-39,11367717
2033,Female,40-44,11793442
2033,Female,45-49,11092886
2033,Female,50-54,10666003
2033,Female,55-59,9620305
2033,Female,60-64,9907695
2033,Female,65-69,9738240
2033,Female,70-74,9796884
2033,Female,75-79,8457523
2033,Female,80-84,6270200
2033,Female,85+,6186570
2033,Male,25-29,11803683
2033,Male,30-34,12206919
2033,Male,35-39,11769343
2033,Male,40-44,12026131
2033,Male,45-49,11241766
2033,Male,50-54,10670820
2033,Male,55-59,9410047
2033,Male,60-64,9551700
2033,Male,65-69,9063552
2033,Male,70-74,8704374
2033,Male,75-79,7057234
2033,Male,80-84,4792719
2033,Male,85+,3984901
2034,Female,25-29,11376726
2034,Female,30-34,11855879
2034,Female,35-39,11439452
2034,Female,40-44,11790582
2034,Female,45-49,11237957
2034,Female,50-54,10767103
2034,Female,55-59,9762186
2034,Female,60-64,9772941
2034,Female,65-69,9583784
2034,Female,70-74,9802657
2034,Female,75-79,8588263
2034,Female,80-84,6442981
2034,Female,85+,6494525
2034,Male,25-29,11807391
2034,Male,30-34,12192999
2034,Male,35-39,11834953
2034,Male,40-44,12045490
2034,Male,45-49,11385901
2034,Male,50-54,10779595
2034,Male,55-59,9554746
2034,Male,60-64,9402677
2034,Male,65-69,8946773
2034,Male,70-74,8722939
2034,Male,75-79,7192561
2034,Male,80-84,4934091
2034,Male,85+,4197945
2035,Female,25-29,11352736
2035,Female,30-34,11741792
2035,Female,35-39,11641314
2035,Female,40-44,11686178
2035,Female,45-49,11413905
2035,Female,50-54,10835296
2035,Female,55-59,9952099
2035,Female,60-64,9605836
2035,Female,65-69,9551152
2035,Female,70-74,9737910
2035,Female,75-79,8701034
2035,Female,80-84,6632293
2035,Female,85+,6785200
2035,Male,25-29,11781462
2035,Male,30-34,12075632
2035,Male,35-39,12026205
2035,Male,40-44,11965349
2035,Male,45-49,11551435
2035,Male,50-54,10853392
2035,Male,55-59,9756039
2035,Male,60-64,9221614
2035,Male,65-69,8948442
2035,Male,70-74,8671116
2035,Male,75-79,7314071
2035,Male,80-84,5093506
2035,Male,85+,4393687
2036,Female,25-29,11263818
2036,Female,30-34,11604067
2036,Female,35-39,11914648
2036,Female,40-44,11561839
2036,Female,45-49,11587665
2036,Female,50-54,10899281
2036,Female,55-59,10173812
2036,Female,60-64,9393566
2036,Female,65-69,9629437
2036,Female,70-74,9569190
2036,Female,75-79,8814664
2036,Female,80-84,6799848
2036,Female,85+,7081120
2036,Male,25-29,11696785
2036,Male,30-34,11955030
2036,Male,35-39,12265855
2036,Male,40-44,11863404
2036,Male,45-49,11715542
2036,Male,50-54,10926435
2036,Male,55-59,9990009
2036,Male,60-64,8997789
2036,Male,65-69,9039990
2036,Male,70-74,8538779
2036,Male,75-79,7432845
2036,Male,80-84,5239221
2036,Male,85+,4589263
2037,Female,25-29,11124482
2037,Female,30-34,11630741
2037,Female,35-39,12051300
2037,Female,40-44,11476682
2037,Female,45-49,11732192
2037,Female,50-54,10938476
2037,Female,55-59,10361715
2037,Female,60-64,9358228
2037,Female,65-69,9630279
2037,Female,70-74,9379624
2037,Female,75-79,8867435
2037,Female,80-84,6977994
2037,Female,85+,7382201
2037,Male,25-29,11546342
2037,Male,30-34,12010826
2037,Male,35-39,12364874
2037,Male,40-44,11790273
2037,Male,45-49,11863115
2037,Male,50-54,10971866
2037,Male,55-59,10192875
2037,Male,60-64,8955671
2037,Male,65-69,9042522
2037,Male,70-74,8386970
2037,Male,75-79,7493875
2037,Male,80-84,5397163
2037,Male,85+,4791464
2038,Female,25-29,10980160
2038,Female,30-34,11739010
2038,Female,35-39,12081405
2038,Female,40-44,11471041
2038,Female,45-49,11798846
2038,Female,50-54,11010236
2038,Female,55-59,10534949
2038,Female,60-64,9429602
2038,Female,65-69,9562965
2038,Female,70-74,9192724
2038,Female,75-79,8891622
2038,Female,80-84,7134916
2038,Female,85+,7681107
2038,Male,25-29,11385937
2038,Male,30-34,12121365
2038,Male,35-39,12380666
2038,Male,40-44,11788173
2038,Male,45-49,11953266
2038,Male,50-54,11041264
2038,Male,55-59,10373795
2038,Male,60-64,9032955
2038,Male,65-69,8962392
2038,Male,70-74,8247913
2038,Male,75-79,7524559
2038,Male,80-84,5542322
2038,Male,85+,4989737
2039,Female,25-29,10915164
2039,Female,30-34,11750259
2039,Female,35-39,12079248
2039,Female,40-44,11545325
2039,Female,45-49,11799419
2039,Female,50-54,11156889
2039,Female,55-59,10638077
2039,Female,60-64,9571942
2039,Female,65-69,9437088
2039,Female,70-74,9054679
2039,Female,75-79,8904054
2039,Female,80-84,7252455
2039,Female,85+,7983882
2039,Male,25-29,11318655
2039,Male,30-34,12129865
2039,Male,35-39,12371564
2039,Male,40-44,11857684
2039,Male,45-49,11977208
2039,Male,50-54,11187507
2039,Male,55-59,10484703
2039,Male,60-64,9177632
2039,Male,65-69,8828256
2039,Male,70-74,8150988
2039,Male,75-79,7548338
2039,Male,80-84,5655772
2039,Male,85+,5191067
2040,Female,25-29,10903721
2040,Female,30-34,11730627
2040,Female,35-39,11969531
2040,Female,40-44,11748330
2040,Female,45-49,11699786
2040,Female,50-54,11333898
2040,Female,55-59,10709391
2040,Female,60-64,9761258
2040,Female,65-69,9281452
2040,Female,70-74,9031534
2040,Female,75-79,8851934
2040,Female,80-84,7355391
2040,Female,85+,8283193
2040,Male,25-29,11296391
2040,Male,30-34,12108872
2040,Male,35-39,12260155
2040,Male,40-44,12050703
2040,Male,45-49,11903558
2040,Male,50-54,11354763
2040,Male,55-59,10562626
2040,Male,60-64,9376764
2040,Male,65-69,8665908
2040,Male,70-74,8162157
2040,Male,75-79,7510673
2040,Male,80-84,5759069
2040,Male,85+,5392589
2041,Female,25-29,10918101
2041,Female,30-34,11646244
2041,Female,35-39,11836303
2041,Female,40-44,12022039
2041,Female,45-49,11580231
2041,Female,50-54,11508577
2041,Female,55-59,10776489
2041,Female,60-64,9981266
2041,Female,65-69,9083075
2041,Female,70-74,9111809
2041,Female,75-79,8705162
2041,Female,80-84,7459083
2041,Female,85+,8567379
2041,Male,25-29,11296398
2041,Male,30-34,12029374
2041,Male,35-39,12145363
2041,Male,40-44,12291326
2041,Male,45-49,11808243
2041,Male,50-54,11520372
2041,Male,55-59,10639558
2041,Male,60-64,9606845
2041,Male,65-69,8464262
2041,Male,70-74,8254036
2041,Male,75-79,7402950
2041,Male,80-84,5860155
2041,Male,85+,5584121
2042,Female,25-29,10896986
2042,Female,30-34,11511473
2042,Female,35-39,11866050
2042,Female,40-44,12160188
2042,Female,45-49,11499196
2042,Female,50-54,11654291
2042,Female,55-59,10819336
2042,Female,60-64,10168573
2042,Female,65-69,9054664
2042,Female,70-74,9117127
2042,Female,75-79,8539879
2042,Female,80-84,7512481
2042,Female,85+,8862800
2042,Male,25-29,11274441
2042,Male,30-34,11884401
2042,Male,35-39,12204676
2042,Male,40-44,12393043
2042,Male,45-49,11741001
2042,Male,50-54,11669454
2042,Male,55-59,10689831
2042,Male,60-64,9807451
2042,Male,65-69,8432789
2042,Male,70-74,8262012
2042,Male,75-79,7278911
2042,Male,80-84,5916986
2042,Male,85+,5789706
2043,Female,25-29,10841071
2043,Female,30-34,11371522
2043,Female,35-39,11976684
2043,Female,40-44,12192605
2043,Female,45-49,11496479
2043,Female,50-54,11723304
2043,Female,55-59,10894001
2043,Female,60-64,10341490
2043,Female,65-69,9128441
2043,Female,70-74,9056990
2043,Female,75-79,8377560
2043,Female,80-84,7541347
2043,Female,85+,9138977
2043,Male,25-29,11217914
2043,Male,30-34,11729189
2043,Male,35-39,12317985
2043,Male,40-44,12412414
2043,Male,45-49,11743404
2043,Male,50-54,11762364
2043,Male,55-59,10763109
2043,Male,60-64,9986994
2043,Male,65-69,8512624
2043,Male,70-74,8193219
2043,Male,75-79,7166550
2043,Male,80-84,5949346
2043,Male,85+,5983471
2044,Female,25-29,10742227
2044,Female,30-34,11310194
2044,Female,35-39,11990780
2044,Female,40-44,12193019
2044,Female,45-49,11572635
2044,Female,50-54,11727293
2044,Female,55-59,11041848
2044,Female,60-64,10446164
2044,Female,65-69,9270252
2044,Female,70-74,8942019
2044,Female,75-79,8261377
2044,Female,80-84,7559467
2044,Female,85+,9387605
2044,Male,25-29,11104242
2044,Male,30-34,11666015
2044,Male,35-39,12330060
2044,Male,40-44,12407089
2044,Male,45-49,11816126
2044,Male,50-54,11790501
2044,Male,55-59,10910670
2044,Male,60-64,10099471
2044,Male,65-69,8655483
2044,Male,70-74,8075685
2044,Male,75-79,7092929
2044,Male,80-84,5975649
2044,Male,85+,6157540
2045,Female,25-29,10606883
2045,Female,30-34,11301949
2045,Female,35-39,11974049
2045,Female,40-44,12086699
2045,Female,45-49,11776027
2045,Female,50-54,11632628
2045,Female,55-59,11219533
2045,Female,60-64,10520504
2045,Female,65-69,9457569
2045,Female,70-74,8800776
2045,Female,75-79,8250440
2045,Female,80-84,7521981
2045,Female,85+,9624008
2045,Male,25-29,10966245
2045,Male,30-34,11647168
2045,Male,35-39,12312755
2045,Male,40-44,12300576
2045,Male,45-49,12010208
2045,Male,50-54,11723380
2045,Male,55-59,11078848
2045,Male,60-64,10181480
2045,Male,65-69,8849990
2045,Male,70-74,7934797
2045,Male,75-79,7114041
2045,Male,80-84,5952484
2045,Male,85+,6326182
