Year,Cases,Type,Completeness_Factor
1999,14998.0,Observed,1.0
2000,15820.0,Observed,1.0
2001,16234.0,Observed,1.0
2002,16662.0,Observed,1.0
2003,17274.0,Observed,1.0
2004,18106.0,Observed,1.0
2005,18478.0,Observed,1.0
2006,18704.0,Observed,1.0
2007,18997.0,Observed,1.0
2008,20302.0,Observed,1.0
2009,21274.0,Observed,1.0
2010,22475.0,Observed,1.0
2011,23628.0,Observed,1.0
2012,24323.0,Observed,1.0
2013,25416.0,Observed,1.0
2014,26212.0,Observed,1.0
2015,27201.0,Observed,1.0
2016,28213.0,Observed,1.0
2017,28597.0,Observed,1.0
2018,29180.0,Observed,1.0
2019,30405.0,Observed,1.0
2020,28516.0,Observed,1.0
2021,30199.0,Observed,1.0
2022,29442.0,Observed,1.0
2023,31777.340693232167,Projected,1.0
2024,32483.655580957547,Projected,1.0
2025,33179.15341511856,Projected,1.0
2026,33849.95650509269,Projected,1.0
2027,34541.28141819094,Projected,1.0
2028,35173.31536494455,Projected,1.0
2029,35788.887584851516,Projected,1.0
2030,36395.34620446894,Projected,1.0
2031,36966.85897327979,Projected,1.0
2032,37470.848696967965,Projected,1.0
2033,37948.7775175872,Projected,1.0
2034,38407.604777345856,Projected,1.0
2035,38865.19532752628,Projected,1.0
